pdb_posins,pdb_chain,pdb_res,top_res,pdb_pos,perplexity,A,C,D,E,F,G,H,I,K,L,M,N,P,Q,R,S,T,V,W,Y
1,A,E,M,1,1.8338,-4.7834,-6.9584,-5.0890,-5.1591,-6.5266,-3.7795,-6.0798,-5.7909,-5.5845,-5.7199,-0.1100,-5.7290,-4.6527,-5.5938,-5.4153,-4.5366,-5.1894,-4.8768,-7.4008,-7.1005
2,A,V,V,2,1.0828,-11.8497,-13.6469,-13.4866,-9.9015,-12.1256,-13.5499,-13.8717,-4.3291,-12.7456,-6.9608,-10.2307,-13.1917,-14.0657,-11.6930,-11.8857,-15.8850,-10.5615,-0.0144,-12.8567,-13.0102
3,A,Q,Q,3,1.4431,-8.0913,-10.1619,-8.8971,-5.5285,-10.0149,-9.4638,-5.6124,-8.2518,-3.5295,-5.5957,-6.9066,-7.3463,-13.5194,-0.0705,-4.2674,-7.7810,-6.6139,-4.6991,-10.8035,-10.5105
4,A,E,L,4,1.0134,-12.1647,-11.0517,-16.8699,-13.2866,-9.3642,-13.9574,-13.5684,-8.2351,-14.8652,-0.0015,-7.1601,-14.8714,-16.3294,-12.1321,-13.3372,-13.7054,-16.2062,-7.9717,-12.4342,-12.8843
5,A,E,L,5,2.1035,-8.1086,-11.7390,-9.4044,-8.4121,-8.0453,-11.7905,-9.3688,-5.4667,-9.4641,-0.6009,-7.2081,-9.4713,-18.3583,-7.0236,-8.4987,-8.6387,-7.4639,-0.8130,-9.4482,-9.9829
6,A,E,E,6,1.1920,-6.1942,-6.4688,-4.2992,-0.0286,-12.2093,-6.8635,-10.2768,-11.1225,-10.9661,-7.3510,-8.4154,-7.4396,-8.0997,-5.0848,-11.5191,-7.6645,-9.3268,-6.5554,-12.5862,-13.0431
7,A,S,S,7,1.0144,-7.7335,-10.7205,-11.5946,-11.6029,-8.1631,-8.9009,-12.0780,-13.6461,-10.6921,-10.9304,-12.0747,-10.8893,-17.6902,-11.5794,-8.8116,-0.0015,-7.9978,-12.6687,-11.5636,-10.4190
8,A,G,G,8,1.0013,-12.1223,-14.1099,-11.5540,-10.7578,-14.1375,-0.0001,-14.9965,-16.4812,-13.2869,-11.5345,-15.8308,-15.0153,-16.4027,-13.4053,-9.8340,-12.2268,-15.6542,-13.7658,-14.2635,-13.9601
9,A,G,G,9,1.0002,-13.6113,-15.6297,-14.2836,-12.9407,-16.3430,-0.0000,-18.0986,-18.6405,-15.8663,-14.2347,-18.1378,-17.7805,-16.9366,-15.9847,-11.9637,-13.9498,-17.3578,-15.6788,-15.2223,-16.7714
10,A,G,G,10,1.0007,-13.5089,-15.2003,-11.0154,-12.2912,-14.5141,-0.0001,-16.1870,-15.8666,-14.8576,-11.9770,-16.0433,-15.2024,-17.1694,-14.8162,-10.7405,-13.0959,-14.9783,-13.1073,-14.2151,-15.8858
11,A,E,L,11,1.0226,-10.7883,-12.7171,-11.6814,-10.7148,-6.9836,-12.7062,-11.2317,-10.0559,-11.4344,-0.0026,-9.0747,-13.0392,-10.5089,-10.8259,-9.2580,-9.7679,-10.8376,-6.7740,-9.4614,-10.8326
12,A,V,V,12,1.1671,-7.2138,-8.4840,-10.7285,-7.0006,-9.6642,-10.1595,-10.8611,-4.4604,-6.0173,-6.1019,-5.7323,-10.6814,-15.3682,-7.4520,-6.6888,-7.9198,-8.5067,-0.0242,-12.5160,-13.0621
13,A,Q,K,13,2.0959,-7.0705,-12.3273,-10.4662,-4.9693,-9.1737,-11.9202,-6.2121,-9.2654,-0.2497,-4.5409,-6.1968,-8.5642,-8.3568,-1.8436,-3.2546,-8.5512,-7.8793,-7.9707,-10.0472,-10.2550
14,A,P,P,14,1.0103,-8.5823,-13.3391,-13.6161,-10.2597,-14.1803,-13.7645,-15.1372,-12.2737,-11.6767,-7.9211,-12.9304,-16.1461,-0.0011,-11.6142,-11.1916,-10.4568,-11.1648,-7.7509,-14.7554,-15.4569
15,A,G,G,15,1.0107,-9.9851,-13.3489,-10.2191,-8.0229,-13.2334,-0.0011,-11.9092,-15.9070,-8.2143,-10.8154,-12.7124,-11.8892,-15.6393,-10.8020,-8.5481,-9.2830,-11.0547,-13.1421,-10.0260,-13.9099
16,A,G,G,16,1.0005,-13.9944,-17.7314,-16.2901,-13.8135,-20.4032,-0.0000,-16.7944,-18.7656,-13.0632,-17.1457,-18.6014,-16.5443,-20.2463,-15.4507,-10.1459,-15.2501,-17.2944,-17.1335,-18.4221,-20.1801
17,A,S,S,17,1.0459,-6.1799,-10.5157,-11.0378,-9.1266,-8.0933,-7.9600,-9.2637,-14.9858,-8.7185,-9.3368,-10.6354,-11.9496,-11.2406,-7.7441,-6.7451,-0.0055,-7.6636,-13.5867,-8.8532,-11.5005
18,A,E,L,18,1.1996,-6.2095,-10.6800,-9.3145,-5.9901,-7.4958,-11.7815,-7.6345,-12.3611,-7.1334,-0.0298,-5.0061,-9.9821,-11.0223,-6.1179,-4.3414,-7.1806,-11.3041,-10.4207,-10.6602,-9.8503
19,A,R,R,19,1.3412,-9.7486,-11.3130,-11.9861,-8.4187,-8.6235,-10.7349,-8.4055,-8.4671,-3.2889,-6.0678,-9.2548,-10.3268,-12.7661,-7.6261,-0.0614,-5.7004,-4.2473,-7.5373,-8.7555,-9.3815
20,A,E,L,20,1.1440,-11.1998,-10.7588,-11.6811,-10.9541,-6.7460,-11.9350,-7.7976,-4.0576,-9.3298,-0.0237,-6.0383,-11.8211,-15.3709,-8.1758,-10.2704,-11.7769,-14.1970,-6.4623,-9.3289,-10.3201
21,A,S,S,21,3.0468,-3.8059,-8.3393,-7.9842,-5.4506,-6.2125,-7.3387,-7.9843,-5.8135,-7.5831,-4.5519,-8.4511,-6.5641,-10.2370,-6.7953,-4.3961,-0.6334,-0.9855,-3.4137,-5.6982,-7.7196
22,A,C,C,22,1.3126,-5.5696,-0.0538,-10.6559,-11.0576,-9.8892,-7.4288,-10.0339,-4.9548,-14.9319,-7.7914,-10.1599,-9.0967,-16.7991,-11.1765,-12.1887,-7.8568,-4.6102,-3.5112,-11.0306,-10.5727
23,A,A,A,23,5.0589,-0.7077,-8.5950,-4.3118,-2.2672,-6.4972,-4.9073,-6.8794,-6.1377,-6.9127,-2.7964,-8.6909,-8.5487,-9.5484,-5.9542,-3.8344,-3.3015,-2.6129,-1.7174,-6.5331,-9.0718
24,A,A,A,24,1.2206,-0.0332,-6.5799,-12.8941,-11.4087,-7.9759,-6.1297,-13.6599,-9.1702,-13.3221,-6.4278,-5.9594,-11.9217,-12.6806,-12.4675,-11.2841,-5.0098,-5.4138,-4.3249,-13.9901,-14.0049
25,A,S,S,25,1.0195,-7.1309,-12.7629,-9.0479,-11.0563,-9.6471,-8.0221,-11.7020,-14.4970,-11.6952,-11.2822,-13.9028,-10.1729,-16.1283,-12.2150,-8.9032,-0.0021,-8.5442,-12.9098,-7.9230,-10.2536
26,A,G,G,26,1.0021,-12.3836,-14.2798,-10.6844,-9.3517,-14.0929,-0.0002,-13.2113,-15.3279,-12.1383,-12.0378,-14.7546,-12.8137,-18.0865,-11.4632,-10.1181,-12.8159,-15.7433,-14.1781,-13.6718,-13.6826
27,A,F,F,27,1.0398,-15.5309,-14.5174,-13.9789,-16.4394,-0.0063,-15.0701,-10.3713,-13.3730,-16.8152,-9.5049,-14.0528,-15.0303,-17.3035,-17.5185,-15.6542,-14.6667,-15.0031,-12.7252,-12.0200,-5.0849
28,A,T,T,28,1.5994,-4.6085,-10.6625,-5.6364,-5.7760,-9.1074,-8.0204,-8.5869,-4.9133,-6.4937,-7.0612,-7.4376,-3.5037,-4.9578,-7.4343,-6.1481,-4.0010,-0.0911,-6.7603,-10.4878,-8.6626
29,A,F,F,29,1.0051,-15.9619,-17.7497,-19.1422,-20.2263,-0.0006,-20.1991,-12.9265,-14.8973,-20.2482,-12.1935,-15.6906,-18.4451,-14.6292,-19.9377,-20.5519,-16.1963,-16.7981,-12.0903,-13.4882,-7.4634
30,A,R,S,30,1.6505,-5.1268,-8.7351,-4.6576,-5.1421,-7.3012,-5.1226,-5.9590,-7.5830,-5.0551,-7.7515,-7.9775,-4.3210,-7.1475,-6.2947,-3.4024,-0.0961,-6.6858,-8.3374,-7.9165,-6.1095
31,A,S,D,31,7.0496,-4.8974,-7.9237,-1.1669,-3.1105,-5.6333,-5.8683,-4.9764,-4.1493,-3.9682,-5.3808,-6.1514,-1.6031,-8.1000,-5.4494,-3.3145,-1.6438,-2.1413,-5.0690,-6.1139,-3.9083
32,A,A,N,32,6.1970,-2.2115,-4.4104,-5.5201,-4.3397,-5.0165,-6.3374,-3.1097,-7.8686,-6.5897,-5.5129,-7.0735,-1.1797,-11.5499,-2.2942,-8.1777,-1.2114,-4.5451,-6.3995,-7.4863,-2.4948
33,A,G,A,33,2.8331,-0.2798,-8.9155,-5.1659,-5.2475,-7.3788,-3.8165,-6.4912,-6.6044,-8.2443,-6.7181,-7.5962,-5.8100,-3.5352,-7.7050,-6.7014,-2.9519,-2.6305,-3.3416,-4.4951,-7.1104
34,A,M,M,34,1.0999,-12.4992,-13.2178,-17.7855,-13.5471,-11.2721,-17.2262,-14.8171,-5.8823,-15.0790,-4.2672,-0.0172,-13.6591,-16.6827,-9.6948,-14.6257,-12.0690,-10.9209,-9.1432,-12.7493,-16.6555
35,A,S,S,35,2.7974,-3.2490,-5.7597,-6.9540,-8.7517,-7.1542,-6.8223,-1.3370,-11.6103,-10.0622,-11.7778,-11.0771,-2.8068,-15.3617,-7.6166,-9.6611,-0.4723,-5.0934,-8.7936,-9.0899,-6.5406
36,A,W,W,36,1.0014,-15.5997,-12.9811,-17.6291,-16.4266,-12.0206,-15.5695,-13.6910,-12.9965,-15.8394,-10.8140,-13.9006,-15.3582,-19.0075,-15.4975,-9.6996,-15.6354,-14.9850,-10.7371,-0.0001,-14.9986
37,A,V,V,37,1.2365,-11.1936,-11.1107,-16.0347,-13.0211,-11.6086,-12.8187,-12.6305,-3.0701,-13.9322,-5.7109,-10.4981,-10.7438,-17.8785,-12.2902,-12.3683,-11.2601,-9.5260,-0.0512,-12.3368,-11.5683
38,A,R,R,38,1.0012,-13.7242,-9.9333,-15.7619,-13.9731,-18.2966,-11.9986,-12.8999,-16.6090,-10.8770,-15.0717,-14.6431,-12.6585,-17.8345,-11.5320,-0.0001,-11.6299,-13.9161,-16.0069,-14.5511,-18.6262
39,A,Q,Q,39,1.0345,-11.3209,-11.5225,-14.9637,-7.7648,-15.7630,-12.9995,-10.4840,-11.4288,-7.2136,-7.9098,-10.1046,-14.5902,-17.0807,-0.0044,-5.9667,-11.6111,-11.5583,-8.7664,-14.0429,-17.8416
40,A,A,A,40,1.0153,-0.0017,-12.4785,-14.5336,-12.4235,-19.3759,-7.6173,-13.6969,-18.4743,-12.1465,-15.5535,-14.0805,-11.6868,-9.1702,-11.9223,-8.6987,-7.3776,-8.2716,-10.6711,-16.4472,-20.6660
41,A,P,P,41,1.0134,-8.5433,-15.4427,-11.8271,-10.3560,-13.6452,-10.8030,-12.1755,-12.5333,-13.8748,-8.6985,-15.3770,-15.2677,-0.0014,-12.0247,-8.7055,-8.1724,-7.6824,-9.7300,-12.5299,-15.8842
42,A,G,G,42,1.0131,-8.5137,-15.9141,-9.0761,-7.0837,-13.6167,-0.0015,-11.9412,-16.3179,-10.7182,-10.8798,-13.4242,-14.5914,-14.1341,-12.0266,-8.7228,-12.1552,-9.9656,-11.1556,-11.5856,-15.8673
43,A,K,K,43,1.0769,-9.8610,-13.3563,-11.9493,-6.9437,-11.4511,-10.6654,-9.0738,-13.9509,-0.0116,-8.4987,-10.0394,-9.2917,-15.8181,-6.5119,-4.7814,-10.1334,-9.6764,-13.1045,-12.8564,-12.7092
44,A,G,G,44,1.0510,-6.3749,-12.6665,-8.8590,-8.4484,-13.7473,-0.0070,-12.4267,-14.4974,-10.2117,-10.8302,-13.5017,-11.1867,-10.7223,-10.2902,-5.4143,-9.5006,-8.6910,-9.1552,-11.2688,-14.0872
45,A,P,L,45,1.3845,-8.8848,-11.5101,-12.6144,-11.4578,-5.0627,-13.6715,-9.4313,-13.5553,-12.6918,-0.0885,-9.2160,-12.9658,-2.5728,-11.8575,-10.7012,-10.9635,-11.0071,-9.3496,-7.1355,-7.1851
46,A,E,E,46,1.1480,-8.9569,-14.4536,-7.2907,-0.0266,-13.2498,-9.9440,-9.7084,-11.5606,-9.8940,-9.3551,-11.3298,-12.8403,-15.3596,-3.8214,-8.9966,-11.6071,-12.2359,-5.7563,-11.6124,-14.1620
47,A,W,W,47,1.3205,-9.7686,-11.1004,-12.5453,-11.6749,-3.5178,-10.5090,-7.7572,-9.6273,-11.3051,-3.9660,-9.6995,-11.2559,-10.6263,-11.5786,-8.2945,-9.8157,-9.7396,-8.3862,-0.0580,-5.0507
48,A,V,V,48,1.0030,-14.3416,-14.8288,-21.1735,-17.3702,-18.2635,-19.4183,-21.4736,-8.4322,-18.5878,-9.6296,-11.0111,-20.2856,-23.0458,-16.7159,-15.8177,-18.2457,-14.1045,-0.0003,-17.3786,-21.2878
49,A,S,S,49,1.6414,-1.7327,-9.0768,-11.6256,-13.5142,-12.5548,-10.8085,-14.7706,-14.0661,-15.7850,-13.2410,-9.3729,-9.6120,-16.5848,-14.7000,-15.5864,-0.1999,-5.4995,-11.9450,-15.5911,-14.7305
50,A,S,S,50,4.1951,-1.2312,-6.6893,-6.2642,-6.1787,-5.2850,-2.1194,-4.1764,-7.4707,-7.4101,-4.4622,-5.5566,-5.4150,-12.4473,-6.6263,-5.4787,-0.7318,-3.2631,-5.1808,-6.8821,-4.6233
51,A,I,I,51,1.0466,-11.8234,-13.0833,-14.9318,-12.7933,-13.1155,-13.1868,-14.3846,-0.0068,-11.0425,-7.4969,-9.2571,-12.0537,-14.1186,-11.9910,-10.1246,-10.7346,-7.5417,-5.2053,-14.4935,-14.2297
52,A,S,S,52,1.1445,-6.2477,-8.7247,-7.2681,-8.1403,-9.2332,-6.7133,-9.0618,-9.1428,-7.2040,-8.2810,-10.5080,-6.8490,-11.2171,-8.6827,-7.3467,-0.0210,-4.3822,-10.0498,-7.6088,-8.3215
53,A,G,G,53,1.0131,-8.0881,-13.1095,-9.4098,-10.6389,-11.7762,-0.0013,-12.1768,-10.5545,-12.0022,-9.1938,-12.1723,-9.9990,-8.5667,-11.6162,-9.2020,-7.8353,-11.0584,-11.2486,-12.6999,-12.0469
54,A,S,S,54,1.3518,-5.3296,-10.7291,-5.8735,-7.6148,-9.1082,-4.1227,-9.1942,-7.5199,-8.6588,-5.7693,-7.6799,-6.0631,-10.7817,-9.1593,-5.3550,-0.0530,-4.2102,-9.0300,-7.8759,-8.4574
55,A,G,G,55,1.0293,-7.1328,-12.5494,-10.0942,-8.5599,-11.3260,-0.0037,-12.3001,-11.1598,-11.4667,-11.1681,-12.2743,-12.0346,-13.1688,-11.0685,-9.1255,-6.0344,-10.0376,-10.4651,-11.6516,-11.5507
56,A,S,S,56,9.4187,-3.2247,-7.8478,-1.7040,-2.8855,-6.1784,-2.1023,-5.3360,-4.0391,-3.6232,-4.4449,-5.5190,-3.6877,-9.6570,-3.7706,-1.8362,-1.4752,-2.5696,-4.4765,-6.5608,-4.9233
57,A,D,Y,57,3.4290,-4.4507,-8.5780,-4.4803,-5.9617,-3.7083,-6.5112,-3.3751,-4.5902,-5.4304,-5.1651,-7.1162,-3.3606,-10.8980,-6.1119,-4.2952,-2.4175,-3.5286,-5.0401,-6.3811,-0.3345
58,A,T,T,58,1.4749,-8.5179,-10.3875,-10.9536,-5.9825,-11.3555,-14.8588,-7.9475,-6.2872,-3.0274,-8.6536,-6.4243,-8.8525,-12.5935,-3.9328,-4.9808,-7.8357,-0.0863,-7.8065,-13.7322,-11.6759
59,A,L,Y,59,1.9381,-4.5241,-8.5024,-4.2201,-6.6261,-3.8425,-7.2472,-3.4074,-8.2384,-6.5765,-6.1177,-9.3385,-3.9782,-12.4953,-7.1738,-6.7201,-3.8535,-6.4101,-8.3555,-6.5604,-0.1410
60,A,Y,Y,60,1.0556,-12.5490,-10.0087,-11.0728,-13.1726,-5.2265,-14.2629,-6.0629,-14.1406,-11.5724,-10.1156,-13.1381,-9.1195,-18.1580,-11.8157,-10.4378,-9.4418,-12.9415,-13.9640,-10.1486,-0.0081
61,A,A,A,61,1.1558,-0.0227,-9.8488,-8.3998,-7.9981,-11.9370,-6.0194,-8.5529,-11.0830,-9.0282,-7.3089,-10.7607,-9.3245,-8.2789,-9.8982,-7.6380,-4.5805,-5.8060,-5.4639,-12.8452,-12.5225
62,A,D,D,62,1.1340,-6.1935,-12.5506,-0.0193,-4.5858,-11.9435,-6.3088,-8.5670,-11.5400,-8.8967,-9.9179,-11.0931,-6.1436,-7.6203,-7.6841,-8.6315,-7.1506,-8.5001,-8.1769,-12.7535,-9.8487
63,A,S,S,63,1.0868,-5.6479,-12.3149,-9.8131,-9.0311,-8.3787,-10.7498,-10.8310,-11.7420,-9.5083,-10.7768,-11.6135,-9.9633,-10.1011,-11.1774,-8.0810,-0.0130,-4.8162,-8.6345,-9.1043,-10.7025
64,A,V,V,64,1.0011,-11.4197,-15.8160,-18.4375,-14.9302,-14.0148,-16.2386,-18.9812,-10.1232,-14.7034,-10.4949,-12.1587,-17.3581,-16.9295,-16.8427,-15.8796,-17.1892,-12.0450,-0.0001,-18.6641,-18.3763
65,A,K,K,65,1.4191,-7.5163,-13.5916,-8.9953,-3.4905,-9.6014,-11.1126,-9.0248,-8.4896,-0.0725,-7.8131,-6.8713,-8.5794,-15.1461,-5.1868,-3.6876,-7.7668,-5.2282,-8.6963,-9.7502,-9.4278
66,A,G,G,66,1.0081,-9.6134,-14.0297,-7.3811,-9.1405,-14.5162,-0.0009,-13.5934,-16.7122,-12.9651,-14.7081,-15.3129,-11.9406,-17.3145,-13.5207,-10.4674,-10.3727,-12.4067,-11.6595,-13.3278,-14.0435
67,A,R,R,67,1.0039,-13.3075,-12.8146,-12.1941,-12.9553,-14.1270,-12.6046,-9.0540,-16.5586,-9.5739,-12.1466,-14.1272,-10.7809,-16.4062,-9.8172,-0.0004,-10.4167,-11.3775,-16.8572,-10.5648,-13.2152
68,A,F,F,68,1.0045,-11.3766,-11.1477,-14.3977,-17.3575,-0.0005,-11.9704,-12.7044,-13.5429,-17.2808,-8.0126,-11.0728,-14.4570,-20.1928,-16.1887,-16.5475,-11.7040,-14.3936,-12.1965,-10.6822,-10.2173
69,A,T,T,69,1.0804,-6.6936,-14.7620,-11.0356,-8.5539,-10.7870,-12.1956,-12.5564,-5.5448,-8.8057,-9.5058,-9.0523,-10.3805,-16.5087,-10.3981,-8.5453,-5.8251,-0.0109,-6.2743,-13.9312,-12.8860
70,A,I,I,70,1.0994,-11.8255,-14.6442,-17.0545,-16.1626,-14.3545,-11.9796,-16.1885,-0.0189,-15.2171,-9.7390,-11.2256,-13.5551,-11.5252,-14.5173,-15.0052,-11.9081,-8.5378,-3.9965,-19.1873,-20.0130
71,A,S,S,71,1.0129,-7.5642,-13.5293,-10.0094,-12.2332,-9.2004,-9.0398,-12.2996,-13.4611,-12.3263,-11.3989,-12.3735,-9.7065,-15.5172,-12.7042,-11.2499,-0.0014,-7.7599,-12.9116,-13.0617,-9.8519
72,A,R,R,72,1.0032,-11.0375,-16.6062,-16.5896,-12.3913,-19.7335,-14.0152,-14.7671,-13.0403,-8.5400,-12.0371,-11.7649,-15.2585,-16.7026,-10.3444,-0.0003,-11.8497,-10.6204,-11.9472,-16.5057,-18.5359
73,A,D,D,73,1.0296,-8.8975,-13.6098,-0.0037,-6.1515,-12.3345,-10.4989,-7.3773,-11.9448,-12.0028,-10.7164,-13.3172,-7.7803,-14.1819,-8.7787,-11.4255,-10.1027,-11.7401,-10.2625,-13.5301,-11.0886
74,A,N,N,74,1.0530,-9.2202,-12.5584,-5.4058,-10.7222,-13.4512,-9.5786,-11.6582,-8.3951,-10.2345,-10.0710,-9.8445,-0.0072,-13.8711,-12.3146,-11.8589,-6.5630,-7.3701,-9.2492,-13.7180,-12.5773
75,A,S,S,75,2.3453,-1.5812,-12.0452,-5.4686,-7.6957,-5.2040,-4.6390,-8.0344,-7.4862,-8.8383,-5.3119,-7.3333,-5.9191,-4.9240,-7.4264,-5.9141,-0.3050,-4.9031,-5.2246,-7.6781,-5.4760
76,A,K,K,76,1.2916,-6.4183,-15.1171,-9.6788,-5.0024,-13.0334,-8.1572,-11.0696,-11.5625,-0.0463,-5.8607,-5.8140,-6.2217,-20.4388,-5.0993,-3.7992,-9.1432,-9.7872,-10.9642,-12.8165,-13.5583
77,A,N,N,77,1.0512,-10.5327,-13.2019,-6.6919,-8.9805,-12.4330,-11.2091,-7.7890,-14.0548,-7.0784,-13.1965,-11.1881,-0.0067,-17.0417,-9.2530,-9.7181,-5.6157,-8.5137,-13.8178,-12.8275,-10.6858
78,A,T,T,78,1.0918,-9.0409,-13.2947,-12.4574,-10.4210,-14.6501,-14.4205,-12.7771,-4.7146,-10.7420,-9.8367,-7.9419,-9.8054,-19.5437,-10.4990,-9.5517,-5.4902,-0.0142,-8.1905,-14.5939,-14.8626
79,A,L,L,79,1.0066,-9.4456,-14.5179,-13.2375,-11.2112,-11.1465,-11.0245,-11.6351,-10.7652,-12.9320,-0.0007,-9.4141,-11.8142,-15.2522,-9.5800,-13.2330,-13.0147,-13.3187,-8.0297,-14.5780,-12.3888
80,A,Y,Y,80,1.6154,-9.9229,-9.3188,-9.3043,-11.0835,-1.9675,-10.9794,-5.6615,-8.3488,-10.8363,-8.1060,-9.8175,-6.2211,-17.4851,-10.3781,-9.8510,-5.7228,-8.1483,-9.2543,-7.6825,-0.1629
81,A,L,L,81,1.0010,-15.4533,-15.8680,-16.1345,-14.8019,-12.1385,-15.2750,-15.2284,-12.6704,-14.9503,-0.0001,-9.7812,-14.6956,-19.2251,-14.1454,-14.6219,-15.1785,-16.4698,-11.0326,-15.7307,-16.0585
82,A,Q,Q,82,1.0558,-10.0527,-14.0499,-8.9248,-5.2272,-12.1062,-10.4889,-6.3354,-12.4957,-8.7088,-9.2202,-11.3232,-9.8488,-14.1385,-0.0079,-8.9128,-10.8915,-10.5262,-10.8541,-12.4345,-11.6589
83,A,M,M,83,1.0236,-7.4422,-11.2571,-16.1273,-13.0026,-12.8122,-13.3465,-19.6705,-6.3426,-13.4326,-7.9965,-0.0029,-15.3960,-17.4363,-12.9162,-14.4640,-10.7474,-11.3021,-8.6482,-15.7325,-20.5769
84,A,N,N,84,1.0984,-9.5041,-13.4448,-6.4882,-10.5284,-10.2311,-8.9060,-7.9923,-9.8633,-6.2005,-10.4071,-9.9282,-0.0139,-15.9701,-9.3110,-7.2901,-4.8776,-6.8504,-11.4010,-13.0401,-9.5733
85,A,S,S,85,1.6405,-6.4223,-10.0238,-5.7527,-7.5607,-7.5491,-4.5276,-7.6142,-8.0162,-7.4971,-7.0872,-8.1678,-2.6776,-9.8763,-7.4349,-4.8640,-0.1156,-4.4360,-8.0396,-9.0703,-7.3887
86,A,L,L,86,1.0005,-15.6058,-16.6217,-17.1887,-15.3472,-14.0394,-15.6355,-17.6548,-14.3705,-14.8973,-0.0000,-10.4338,-17.0207,-13.4925,-14.7848,-16.1456,-17.3230,-17.8165,-11.5643,-16.4906,-18.5825
87,A,R,R,87,1.1818,-8.3549,-12.7416,-11.1812,-8.4277,-13.1063,-8.7260,-9.1555,-10.3459,-3.5199,-8.4746,-9.5349,-9.6458,-14.5283,-6.4277,-0.0342,-9.2354,-6.7776,-9.5785,-10.8553,-12.2412
88,A,P,A,88,1.9464,-0.1607,-9.6915,-4.4248,-5.2940,-7.0171,-4.2398,-9.6438,-6.5826,-9.3431,-7.1061,-7.1137,-8.8696,-3.8514,-8.0400,-7.9117,-5.4074,-4.5105,-2.5899,-9.5012,-8.3294
89,A,E,E,89,1.0602,-7.8125,-16.2326,-4.7749,-0.0095,-15.4763,-7.9189,-15.1531,-13.9374,-12.4238,-13.7745,-12.3898,-13.5157,-14.4547,-8.5390,-13.8482,-11.1026,-13.1831,-9.7085,-17.0276,-15.9333
90,A,D,D,90,1.0007,-15.5822,-17.7555,-0.0001,-10.2920,-14.1186,-16.5613,-11.4531,-16.5041,-20.5191,-15.6646,-13.9529,-11.7530,-20.9295,-16.5098,-21.4090,-16.6280,-16.0171,-14.8402,-18.6220,-14.8225
91,A,T,T,91,1.0255,-10.3854,-14.1611,-11.3100,-8.8021,-11.6620,-11.0367,-12.9527,-11.7228,-12.8613,-12.3326,-8.5639,-11.7946,-17.9051,-11.5064,-13.1452,-5.8030,-0.0035,-13.3256,-14.0764,-13.2880
92,A,A,A,92,1.0017,-0.0002,-12.9776,-13.4655,-17.6893,-17.5405,-12.9068,-18.1456,-20.3154,-19.6192,-18.8144,-17.0350,-14.9286,-17.8387,-20.2910,-19.4804,-8.7524,-12.6228,-12.5607,-21.2508,-18.1319
93,A,V,V,93,1.3580,-8.6566,-12.3083,-9.4482,-9.8346,-7.1855,-11.6621,-11.5455,-3.0406,-9.3171,-4.3606,-5.9030,-10.3198,-16.3962,-10.8089,-7.6518,-9.7826,-6.7272,-0.0689,-8.4511,-9.6097
94,A,Y,Y,94,1.0208,-14.0382,-11.7378,-13.2492,-15.8843,-5.9267,-14.4815,-8.8995,-12.3867,-14.5203,-10.6958,-14.5570,-12.4246,-17.6817,-15.6029,-14.5269,-13.2344,-15.6567,-11.4152,-12.5373,-0.0029
95,A,Y,Y,95,1.4169,-10.8370,-9.0840,-10.1186,-10.4228,-2.4002,-11.6283,-5.2184,-10.8813,-10.1526,-8.3028,-10.5231,-9.5372,-17.6954,-10.2987,-9.4903,-8.1735,-11.2042,-10.2788,-9.6670,-0.1023
96,A,C,C,96,1.0096,-8.3094,-0.0011,-14.0924,-15.7276,-14.6507,-7.2176,-15.1907,-16.0382,-16.8531,-16.0233,-15.0764,-12.5775,-12.9750,-15.0036,-15.7930,-9.1756,-13.4919,-14.4937,-14.7576,-14.9062
97,A,T,T,97,1.7641,-1.9132,-8.6584,-11.6235,-10.2405,-13.7097,-9.9652,-11.6930,-11.2461,-12.2149,-9.9861,-9.2064,-8.0008,-15.6898,-10.4895,-11.4259,-3.5250,-0.1981,-6.2893,-15.1623,-14.4259
98,A,I,I,98,3.8286,-5.9115,-9.4932,-10.1540,-7.8869,-9.6556,-6.9786,-8.6963,-0.6751,-4.5752,-3.9442,-5.2620,-7.0413,-6.5238,-6.0893,-3.0854,-7.4305,-1.7913,-1.4556,-7.7816,-7.9280
99,A,G,Y,99,9.9849,-3.5066,-7.9198,-3.8285,-3.7764,-2.2086,-2.4673,-1.9923,-5.3386,-5.9883,-2.8129,-4.4697,-4.4350,-7.0439,-4.4033,-4.1554,-3.2894,-4.6901,-4.1582,-1.9556,-1.3059
100,A,G,G,100,2.1218,-2.6315,-8.4910,-4.5096,-5.5582,-6.7767,-0.1782,-5.3801,-8.1167,-7.4608,-6.3958,-6.7906,-5.0331,-5.2216,-5.5961,-5.5600,-3.2790,-5.4063,-6.9667,-6.4578,-5.9292
101,A,S,Y,101,14.6265,-3.0794,-7.7908,-3.5262,-3.1301,-2.7560,-5.0851,-3.3536,-2.2997,-3.9153,-2.9020,-4.3429,-2.9734,-8.2091,-3.6121,-3.0441,-2.3286,-2.3327,-2.1599,-3.7915,-2.0461
102,A,L,I,102,3.7438,-5.9139,-8.7513,-7.7025,-6.3408,-6.0589,-8.2286,-6.1733,-0.6300,-5.3903,-2.5484,-5.6110,-6.0347,-4.3625,-6.0469,-3.3176,-6.9017,-4.2077,-1.2266,-5.9390,-5.1706
103,A,S,G,103,5.5283,-3.9172,-8.0258,-1.6125,-3.2749,-4.3383,-0.7017,-3.2604,-6.6400,-7.3824,-2.3149,-4.9211,-5.1800,-4.0739,-4.2998,-5.5152,-4.0180,-7.2796,-7.0484,-5.0445,-3.8558
104,A,R,S,104,14.9558,-2.6128,-6.7790,-2.1014,-3.2639,-4.6633,-3.3363,-3.6189,-3.7871,-4.1852,-3.7508,-4.8633,-3.2042,-2.1800,-3.9927,-2.7226,-2.0604,-2.7307,-3.2933,-2.7009,-2.4140
105,A,S,G,105,15.6677,-3.8022,-7.1482,-2.6471,-3.0572,-3.4874,-2.2162,-2.7967,-2.6176,-3.6365,-3.0042,-5.0585,-2.7271,-7.3315,-3.0072,-2.9656,-2.2700,-2.5993,-3.0750,-4.2388,-2.3241
106,A,S,D,106,5.5898,-1.9197,-6.3889,-0.9984,-4.2294,-8.4666,-4.1603,-6.0110,-5.6644,-9.3766,-6.5931,-5.6407,-1.3692,-8.4287,-4.9296,-7.8013,-2.7297,-4.0033,-2.3456,-9.8612,-7.8521
107,A,Q,K,107,12.7224,-3.4930,-7.0020,-4.3809,-4.6857,-4.8250,-4.5655,-2.8400,-4.1930,-1.5927,-2.4604,-4.6331,-3.7329,-2.6822,-2.9878,-1.7107,-2.8906,-2.9975,-3.3754,-3.5076,-2.7585
108,A,G,G,108,1.0002,-11.4878,-15.9596,-15.6304,-15.6933,-17.0588,-0.0000,-16.4719,-20.2323,-15.2980,-14.3593,-17.7310,-15.7472,-14.1040,-16.0535,-13.8410,-13.8262,-16.9018,-16.4958,-15.0405,-16.0197
109,A,T,V,109,5.0647,-1.5129,-7.1554,-7.0389,-5.6468,-9.7413,-5.1312,-7.9505,-6.5081,-7.1872,-10.6550,-5.6320,-3.7916,-10.5842,-3.7146,-7.7299,-1.6235,-1.5964,-1.1550,-11.4055,-9.4665
110,A,E,L,110,1.4973,-5.7917,-10.2024,-5.7579,-5.2270,-6.3569,-7.8005,-6.0579,-8.6961,-6.4481,-0.0672,-4.2700,-8.1232,-5.6872,-4.6447,-5.8529,-6.3233,-5.1402,-5.4749,-5.4492,-7.1052
111,A,V,V,111,1.1015,-13.3618,-14.9902,-16.3114,-16.6024,-12.4164,-14.5398,-15.3088,-3.9739,-14.4138,-8.2746,-13.8780,-13.4930,-16.7903,-16.8961,-14.3480,-14.7343,-9.4745,-0.0193,-16.2725,-13.2346
112,A,T,T,112,3.0545,-6.5957,-9.4419,-6.8682,-6.7513,-7.6639,-9.8390,-8.0539,-1.2065,-5.6346,-5.1004,-6.3991,-5.0144,-11.5312,-6.9564,-6.4346,-5.2643,-0.5957,-2.1282,-9.1883,-8.3424
113,A,V,V,113,1.0056,-10.5249,-11.4245,-15.4153,-14.5579,-14.3389,-15.3118,-16.8721,-7.6536,-14.0281,-12.2051,-12.7844,-13.6433,-16.4034,-15.8612,-12.5286,-12.1557,-9.6340,-0.0006,-16.4809,-14.4102
114,A,S,S,114,1.5870,-4.5523,-7.5466,-6.2652,-7.5360,-3.8034,-8.7001,-7.6008,-6.6258,-4.9087,-4.7181,-6.7897,-7.3702,-10.7444,-7.1572,-5.1218,-0.0841,-4.5817,-5.7670,-8.5077,-5.4139
115,A,S,S,115,2.3212,-3.8694,-6.7400,-7.1887,-6.0507,-8.7748,-4.9300,-8.5160,-4.9366,-4.9596,-6.4580,-6.3922,-5.9086,-8.7217,-5.2413,-2.7545,-0.2054,-3.0899,-4.0368,-8.4493,-8.0974
116,A,A,A,116,6.1192,-1.2392,-4.8391,-5.4645,-5.7104,-4.7951,-4.0752,-6.9910,-6.1095,-5.9484,-1.6578,-5.7437,-8.1144,-1.5362,-6.4941,-5.0763,-1.6188,-4.9013,-3.5034,-4.7424,-5.9932
